run,entry,type,status
31,87,Other,False
31,93,Binary,True
31,141,Binary,True
31,151,Binary,True
31,184,Binary,True
31,230,Binary,False
31,257,Binary,True
31,340,Other,False
31,358,Binary,True
31,364,Binary,True
31,401,Binary,True
31,405,Binary,True
31,469,Binary,True
31,471,Binary,True
31,525,Other,False
31,584,Other,False
31,613,Binary,True
31,683,Other,False
31,684,Binary,True
31,697,Other,False
31,712,Other,False
31,729,Other,False
31,885,Other,False
31,934,Other,False
31,953,Binary,True
31,1003,Other,False
31,1040,Binary,True
31,1057,Binary,True
31,1148,Binary,True
31,1187,Other,False
31,1239,Binary,True
31,1253,Other,False
31,1295,Binary,True
31,1301,Binary,True
31,1348,Binary,True
31,1373,Other,False
31,1374,Multi,True
31,1426,Binary,True
31,1476,Multi,False
31,1506,Binary,False
31,1532,Other,False
31,1540,Binary,False
31,1551,Binary,True
31,1676,Other,False
31,1884,Other,False
31,1994,Other,False
31,2181,Binary,True
31,2219,Binary,True
31,2304,Binary,True
31,2330,Other,False
31,2332,Other,False
31,2405,Binary,True
31,2419,Other,False
31,2450,Other,False
31,2470,Other,False
31,2510,Other,False
31,2576,Binary,True
31,2582,Other,False
31,2690,Binary,True
31,2710,Binary,True
31,2771,Other,False
31,2773,Binary,True
31,2887,Binary,False
31,2912,Binary,True
31,2920,Binary,True
31,2979,Other,False
31,3030,Other,False
31,3059,Binary,True
31,3174,Binary,True
31,3176,Binary,True
31,3190,Multi,True
31,3219,Other,False
31,3251,Binary,True
31,3288,Binary,True
31,3309,Binary,True
31,3351,Other,False
31,3356,Other,False
31,3359,Other,False
31,3399,Binary,True
31,3400,Other,False
31,3424,Other,False
31,3531,Binary,True
31,3642,Binary,True
31,3675,Binary,True
31,3894,Other,False
31,3898,Binary,True
31,3911,Binary,False
31,3930,Other,False
31,4044,Other,False
31,4136,Binary,True
31,4137,Binary,True
31,4146,Other,False
31,4152,Binary,True
31,4206,Binary,True
31,4302,Binary,True
31,4393,Binary,True
31,4595,Other,False
31,4610,Binary,True
31,4643,Binary,True
31,4679,Binary,True
31,4724,Binary,True
31,4813,Binary,True
31,4817,Other,False
31,4856,Binary,True
31,4886,Other,False
31,4922,Binary,True
31,4925,Other,False
31,4948,Multi,True
31,4957,Binary,True
31,4979,Binary,True
31,4990,Other,False
31,4991,Binary,True
31,5165,Binary,True
31,5167,Binary,True
31,5190,Other,False
31,5209,Other,False
31,5313,Other,False
31,5360,Binary,True
31,5362,Binary,True
31,5447,Other,False
31,5540,Binary,True
31,5561,Binary,True
31,5593,Other,False
31,5700,Binary,True
31,5714,Binary,True
31,5733,Other,False
31,5743,Multi,False
31,5767,Binary,True
31,5775,Other,False
31,5876,Other,False
31,5946,Binary,True
31,5963,Other,False
31,6093,Binary,True
31,6101,Other,False
31,6132,Other,False
31,6137,Multi,False
31,6149,Other,False
31,6185,Other,False
31,6222,Other,False
31,6238,Other,False
31,6261,Binary,True
31,6329,Binary,True
31,6351,Binary,True
31,6352,Binary,True
31,6392,Binary,True
31,6419,Binary,True
31,6431,Multi,False
31,6432,Binary,True
31,6468,Binary,True
31,6567,Binary,True
31,6582,Other,False
31,6585,Multi,True
31,6608,Binary,True
31,6706,Binary,True
31,6717,Multi,True
31,6758,Binary,True
31,6812,Binary,True
31,6832,Other,False
31,6871,Other,False
31,6886,Binary,True
31,6894,Other,False
31,6946,Binary,True
31,7029,Other,False
31,7037,Binary,True
31,7197,Binary,False
31,7305,Multi,True
31,7349,Binary,False
31,7387,Binary,True
31,7398,Binary,True
31,7446,Other,False
31,7543,Binary,True
31,7559,Binary,True
31,7640,Other,False
31,7793,Binary,True
31,7803,Binary,False
31,7813,Binary,True
31,7839,Other,False
31,7880,Other,False
31,8059,Binary,True
31,8063,Other,False
31,8167,Binary,True
31,8239,Other,False
31,8319,Other,False
31,8351,Binary,True
31,8398,Binary,False
31,8401,Other,False
31,8468,Binary,True
31,8480,Other,False
31,8511,Binary,True
31,8525,Binary,True
31,8550,Binary,True
31,8564,Other,False
31,8624,Other,False
31,8725,Multi,False
31,8754,Other,False
31,8761,Other,False
31,8786,Other,False
31,8943,Binary,True
31,8990,Binary,True
31,9020,Other,False
31,9102,Binary,True
31,9128,Other,False
31,9176,Binary,True
31,9199,Binary,True
31,9221,Other,False
31,9286,Other,False
31,9394,Other,False
31,9451,Binary,True
31,9467,Multi,True
31,9475,Other,False
31,9480,Binary,True
31,9503,Other,False
31,9518,Other,False
31,9542,Binary,True
31,9674,Binary,True
31,9679,Multi,True
31,9705,Other,False
31,9718,Binary,True
31,9907,Other,False
31,9937,Binary,True
31,9968,Binary,True
31,9975,Binary,True
31,10000,Other,False
31,10047,Binary,True
31,10118,Other,False
31,10213,Binary,True
31,10229,Other,False
31,10281,Other,False
31,10403,Other,False
31,10521,Binary,True
31,10537,Binary,True
31,10557,Other,False
31,10577,Binary,True
31,10612,Binary,True
31,10683,Other,False
31,10824,Binary,True
31,10832,Other,False
31,10890,Binary,False
31,10894,Other,False
31,10944,Binary,True
31,10952,Other,False
31,11103,Other,False
31,11114,Binary,True
31,11162,Binary,True
31,11369,Binary,True
31,11378,Binary,True
31,11477,Binary,True
31,11546,Other,False
31,11589,Binary,True
31,11610,Binary,True
31,11672,Other,False
31,11723,Binary,True
31,11725,Other,False
31,11758,Binary,True
31,11765,Binary,True
31,11769,Binary,True
31,11801,Other,False
31,11852,Multi,True
31,11925,Other,False
31,11960,Binary,False
31,12037,Binary,True
31,12038,Binary,False
31,12040,Binary,True
31,12094,Other,False
31,12353,Binary,True
31,12418,Other,False
31,12476,Other,False
31,12505,Binary,True
31,12594,Other,False
31,12599,Binary,True
31,12616,Binary,True
31,12691,Binary,True
31,12755,Other,False
31,12861,Binary,True
31,12875,Binary,True
31,12890,Binary,False
31,12900,Other,False
31,12939,Binary,True
31,12992,Binary,True
31,12994,Other,False
31,13041,Binary,True
31,13045,Binary,True
31,13266,Binary,True
31,13290,Binary,True
31,13318,Binary,True
31,13327,Other,False
31,13476,Other,False
31,13516,Binary,True
31,13560,Binary,True
31,13696,Binary,True
31,13793,Binary,False
31,13840,Binary,True
31,13876,Binary,True
31,13902,Other,False
31,13916,Binary,True
31,13934,Binary,True
31,14061,Binary,False
31,14076,Other,False
31,14192,Multi,True
31,14275,Other,False
31,14277,Binary,True
31,14303,Binary,True
31,14348,Binary,True
31,14401,Binary,True
31,14440,Binary,True
31,14445,Other,False
31,14446,Other,False
31,14464,Binary,True
31,14537,Binary,True
31,14554,Binary,True
31,14667,Binary,True
31,14679,Binary,True
31,14691,Binary,True
31,14805,Other,False
31,14847,Binary,True
31,15057,Multi,False
31,15094,Binary,True
31,15129,Other,False
31,15249,Other,False
31,15256,Binary,True
31,15272,Binary,True
31,15311,Binary,True
31,15342,Binary,True
31,15433,Binary,True
31,15461,Other,False
31,15498,Other,False
31,15632,Binary,True
31,15682,Other,False
31,15689,Other,False
31,15716,Binary,True
31,15730,Other,False
31,15922,Other,False
31,15930,Binary,True
31,16001,Binary,True
31,16064,Other,False
31,16215,Binary,True
31,16218,Binary,True
31,16221,Binary,True
31,16314,Binary,True
31,16372,Other,False
31,16381,Binary,True
31,16382,Other,False
31,16398,Binary,True
31,16430,Binary,False
31,16451,Other,False
31,16459,Binary,True
31,16589,Other,False
31,16721,Other,False
31,16724,Binary,True
31,16801,Binary,True
31,16830,Binary,True
31,16837,Binary,True
31,16861,Binary,True
31,16904,Binary,True
31,16932,Other,False
31,17041,Binary,True
31,17079,Binary,True
31,17090,Binary,True
31,17125,Other,False
31,17161,Binary,True
31,17172,Other,False
31,17179,Binary,True
31,17389,Other,False
31,17465,Binary,True
31,17472,Other,False
31,17569,Binary,True
31,17605,Other,False
31,17610,Binary,True
31,17617,Binary,True
31,17622,Binary,True
31,17636,Binary,True
31,17705,Multi,True
31,17754,Other,False
31,17851,Other,False
31,17922,Other,False
31,17981,Binary,True
31,17997,Binary,True
31,18045,Binary,True
31,18051,Binary,True
31,18054,Other,False
31,18095,Other,False
31,18097,Binary,True
31,18098,Binary,False
31,18152,Binary,True
31,18171,Other,False
31,18224,Binary,True
31,18290,Other,False
31,18358,Binary,True
31,18360,Binary,True
31,18400,Binary,True
31,18402,Other,False
31,18421,Other,False
31,18478,Other,False
31,18487,Binary,True
31,18493,Other,False
31,18494,Binary,True
31,18545,Binary,True
31,18631,Other,False
31,18691,Binary,True
31,18760,Binary,True
31,18820,Other,False
31,18846,Other,False
31,18966,Binary,True
31,19012,Binary,True
31,19047,Other,False
31,19148,Other,False
31,19159,Other,False
31,19196,Binary,True
31,19231,Binary,True
31,19262,Other,False
31,19312,Binary,True
31,19390,Binary,False
31,19480,Binary,True
31,19486,Multi,False
31,19592,Binary,True
31,19599,Binary,True
31,19620,Binary,True
31,19645,Binary,True
31,19675,Other,False
31,19840,Binary,False
31,19905,Binary,True
31,19911,Binary,True
31,19938,Binary,True
31,19974,Binary,True
31,19975,Binary,True
31,19985,Other,False
31,20019,Binary,True
31,20047,Other,False
31,20094,Other,False
31,20117,Binary,False
31,20157,Binary,True
31,20166,Binary,True
31,20234,Binary,True
31,20356,Binary,True
31,20383,Binary,True
31,20432,Binary,True
31,20436,Binary,True
31,20457,Binary,False
31,20522,Binary,False
31,20567,Binary,True
31,20588,Binary,True
31,20629,Binary,True
31,20721,Other,False
31,20724,Binary,True
31,20741,Binary,True
31,20754,Binary,True
31,20755,Binary,True
31,20799,Binary,True
31,20838,Other,False
31,20841,Other,False
31,20952,Other,False
31,20993,Other,False
31,21001,Binary,True
31,21021,Binary,True
31,21025,Other,False
31,21041,Binary,True
31,21046,Binary,True
31,21154,Binary,True
31,21245,Binary,True
31,21372,Binary,True
31,21432,Other,False
31,21494,Binary,True
31,21619,Binary,False
31,21622,Binary,False
31,21759,Binary,True
31,21845,Other,False
31,21899,Other,False
31,21911,Other,False
31,21977,Multi,False
31,21997,Binary,True
31,22125,Other,False
31,22139,Binary,False
31,22158,Other,False
31,22171,Binary,True
31,22220,Binary,True
31,22343,Binary,True
31,22445,Other,False
31,22558,Binary,True
31,22604,Binary,True
31,22610,Binary,True
31,22614,Other,False
31,22772,Binary,True
31,22798,Other,False
31,22866,Binary,True
31,22880,Other,False
31,22974,Other,False
31,22990,Binary,True
31,23036,Binary,True
31,23081,Binary,True
31,23084,Other,False
31,23108,Other,False
31,23162,Other,False
31,23215,Binary,True
31,23294,Binary,True
31,23442,Binary,True
31,23443,Other,False
31,23506,Binary,True
31,23560,Other,False
31,23599,Binary,True
31,23651,Other,False
31,23661,,False
31,23733,,False
31,23746,,False
31,23766,,False
31,23890,,False
31,23939,,False
31,23993,,False
31,24001,,False
31,24010,,False
31,24028,,False
31,24092,,False
31,24119,,False
31,24121,,False
31,24411,,False
31,24425,,False
31,24437,,False
31,24571,,False
31,24599,,False
31,24610,,False
31,24652,,False
31,24660,,False
31,24669,,False
31,24892,,False
31,24943,,False
31,25178,,False
31,25259,,False
31,25298,,False
31,25338,,False
31,25344,,False
31,25353,,False
31,25354,,False
31,25410,,False
31,25420,,False
31,25475,,False
31,25504,,False
31,25635,,False
31,25645,,False
31,25751,,False
31,25809,,False
31,25862,,False
31,25986,,False
31,26023,,False
31,26033,,False
31,26048,,False
31,26085,,False
31,26135,,False
31,26137,,False
31,26303,,False
31,26328,,False
31,26335,,False
31,26511,,False
31,26522,,False
31,26609,,False
32,6,,False
32,54,,False
32,265,,False
32,287,,False
32,354,,False
32,424,,False
32,468,,False
32,488,,False
32,571,,False
32,577,,False
32,600,,False
32,630,,False
32,659,,False
32,876,,False
32,890,,False
32,909,,False
32,942,,False
32,960,,False
32,1065,,False
32,1074,,False
32,1092,,False
32,1118,,False
32,1121,,False
32,1367,,False
32,1376,,False
32,1445,,False
32,1464,,False
32,1545,,False
32,1547,,False
32,1593,,False
32,1595,,False
32,1609,,False
32,1615,,False
32,1629,,False
32,1641,,False
32,1643,,False
32,1667,,False
32,1741,,False
32,1813,,False
32,1828,,False
32,1863,,False
32,1925,,False
32,1932,,False
32,1947,,False
32,1952,,False
32,1998,,False
32,2028,,False
32,2037,,False
32,2099,,False
32,2144,,False
32,2156,,False
32,2158,,False
32,2171,,False
32,2176,,False
32,2190,,False
32,2243,,False
32,2266,,False
32,2457,,False
32,2486,,False
32,2506,,False
32,2536,,False
32,2545,,False
32,2639,,False
32,2642,,False
32,2655,,False
32,2662,,False
32,2953,,False
32,3054,,False
32,3057,,False
32,3074,,False
32,3105,,False
32,3233,,False
32,3241,,False
32,3271,,False
32,3281,,False
32,3348,,False
32,3396,,False
32,3419,,False
32,3429,,False
32,3475,,False
32,3500,,False
32,3555,,False
32,3712,,False
32,3720,,False
32,3737,,False
32,3769,,False
32,3781,,False
32,3785,,False
32,3787,,False
32,3795,,False
32,3853,,False
32,3881,,False
32,3937,,False
32,4041,,False
32,4107,,False
32,4120,,False
32,4135,,False
32,4140,,False
32,4155,,False
32,4156,,False
32,4319,,False
32,4323,,False
32,4353,,False
32,4384,,False
32,4395,,False
32,4464,,False
32,4467,,False
32,4510,,False
32,4637,,False
32,4681,,False
32,4702,,False
32,4734,,False
32,4758,,False
32,4769,,False
32,4772,,False
32,4816,,False
32,4881,,False
32,4956,,False
32,4990,,False
32,5038,,False
32,5223,,False
32,5267,,False
32,5325,,False
32,5339,,False
32,5364,,False
32,5410,,False
32,5472,,False
32,5531,,False
32,5555,,False
32,5570,,False
32,5703,,False
32,5825,,False
32,6050,,False
32,6055,,False
32,6170,,False
32,6179,,False
32,6239,,False
32,6248,,False
32,6371,,False
32,6375,,False
32,6376,,False
32,6451,,False
32,6543,,False
32,6676,,False
32,6679,,False
32,6700,,False
32,6706,,False
32,6758,,False
32,6771,,False
32,6837,,False
32,6844,,False
32,6846,,False
32,6849,,False
32,6892,,False
32,6949,,False
32,7085,,False
32,7136,,False
32,7231,,False
32,7235,,False
32,7258,,False
32,7310,,False
32,7312,,False
32,7474,,False
32,7523,,False
32,7551,,False
32,7626,,False
32,7829,,False
32,8037,,False
32,8049,,False
32,8055,,False
32,8103,,False
32,8105,,False
32,8107,,False
32,8137,,False
32,8185,,False
32,8206,,False
32,8212,,False
32,8316,,False
32,8354,,False
32,8409,,False
32,8473,,False
32,8483,,False
32,8503,,False
32,8545,,False
32,8658,,False
32,8691,,False
32,8709,,False
32,8762,,False
32,8878,,False
32,8917,,False
32,8954,,False
32,9018,,False
32,9047,,False
32,9071,,False
32,9072,,False
32,9131,,False
32,9163,,False
32,9190,,False
32,9222,,False
32,9315,,False
32,9327,,False
32,9346,,False
32,9415,,False
32,9464,,False
32,9560,,False
32,9563,,False
32,9580,,False
32,9719,,False
32,9918,,False
32,10075,,False
32,10100,,False
32,10134,,False
32,10174,,False
32,10175,,False
32,10197,,False
32,10240,,False
32,10261,,False
32,10278,,False
32,10391,,False
32,10473,,False
32,10516,,False
32,10558,,False
32,10695,,False
32,10762,,False
32,10773,,False
32,10782,,False
32,10793,,False
32,10901,,False
32,10943,,False
32,10995,,False
32,11016,,False
32,11019,,False
32,11021,,False
32,11106,,False
32,11212,,False
32,11221,,False
32,11225,,False
32,11273,,False
32,11288,,False
32,11344,,False
32,11352,,False
32,11391,,False
32,11394,,False
32,11763,,False
32,11801,,False
32,11828,,False
32,11862,,False
32,11874,,False
32,11881,,False
32,11948,,False
32,12072,,False
32,12079,,False
32,12141,,False
32,12151,,False
32,12167,,False
32,12245,,False
32,12319,,False
32,12332,,False
32,12410,,False
32,12419,,False
32,12468,,False
32,12500,,False
32,12534,,False
32,12554,,False
32,12615,,False
32,12684,,False
32,12808,,False
32,12918,,False
32,12929,,False
32,12965,,False
32,13008,,False
32,13029,,False
32,13093,,False
32,13112,,False
32,13132,,False
32,13299,,False
32,13300,,False
32,13306,,False
32,13313,,False
32,13351,,False
32,13436,,False
32,13473,,False
32,13507,,False
32,13526,,False
32,13580,,False
32,13647,,False
32,13666,,False
32,13676,,False
32,13680,,False
32,13704,,False
32,13707,,False
32,13885,,False
32,13896,,False
32,13898,,False
32,13932,,False
32,13945,,False
32,13976,,False
32,14039,,False
32,14055,,False
32,14058,,False
32,14083,,False
32,14103,,False
32,14106,,False
32,14153,,False
32,14219,,False
32,14228,,False
32,14245,,False
32,14249,,False
33,10,,False
33,41,,False
33,65,,False
33,68,,False
33,107,,False
33,190,,False
33,244,,False
33,264,,False
33,283,,False
33,341,,False
33,414,,False
33,543,,False
33,579,,False
33,590,,False
33,609,,False
33,687,,False
33,699,,False
33,711,,False
33,794,,False
33,852,,False
33,855,,False
33,859,,False
33,917,,False
33,937,,False
33,979,,False
33,1031,,False
33,1129,,False
33,1288,,False
33,1309,,False
33,1317,,False
33,1320,,False
33,1459,,False
33,1580,,False
33,1686,,False
33,1734,,False
33,1748,,False
33,1769,,False
33,1864,,False
33,1868,,False
33,1912,,False
33,1966,,False
33,1985,,False
33,1989,,False
33,2053,,False
33,2245,,False
33,2276,,False
33,2327,,False
33,2328,,False
33,2381,,False
33,2391,,False
33,2473,,False
33,2495,,False
33,2540,,False
33,2568,,False
33,2590,,False
33,2623,,False
33,2679,,False
33,2696,,False
33,2719,,False
33,2749,,False
33,2847,,False
33,2861,,False
33,2880,,False
33,2882,,False
33,2896,,False
33,2978,,False
33,3118,,False
33,3154,,False
33,3175,,False
33,3255,,False
33,3337,,False
33,3357,,False
33,3392,,False
33,3416,,False
33,3489,,False
33,3521,,False
33,3533,,False
33,3629,,False
33,3631,,False
33,3657,,False
33,3730,,False
33,3851,,False
33,3969,,False
33,4014,,False
33,4091,,False
33,4141,,False
33,4281,,False
33,4358,,False
33,4400,,False
33,4473,,False
33,4474,,False
33,4509,,False
33,4532,,False
33,4586,,False
33,4597,,False
33,4663,,False
33,4746,,False
33,4787,,False
33,4902,,False
33,4927,,False
33,5025,,False
33,5035,,False
33,5039,,False
33,5055,,False
33,5062,,False
33,5066,,False
33,5118,,False
33,5147,,False
33,5169,,False
33,5185,,False
33,5215,,False
33,5235,,False
33,5249,,False
33,5298,,False
33,5332,,False
33,5353,,False
33,5358,,False
33,5359,,False
33,5380,,False
33,5444,,False
33,5459,,False
33,5555,,False
33,5583,,False
33,5682,,False
33,5701,,False
33,5727,,False
33,5851,,False
33,5913,,False
33,5922,,False
33,5943,,False
33,5958,,False
33,6077,,False
33,6082,,False
33,6091,,False
33,6122,,False
33,6145,,False
33,6180,,False
33,6403,,False
33,6467,,False
33,6527,,False
33,6594,,False
33,6613,,False
33,6616,,False
33,6629,,False
33,6688,,False
33,6706,,False
33,6714,,False
33,6735,,False
33,6798,,False
33,6850,,False
33,6889,,False
33,6899,,False
33,6948,,False
33,6976,,False
33,7031,,False
33,7041,,False
33,7148,,False
33,7158,,False
33,7167,,False
33,7218,,False
33,7220,,False
33,7370,,False
33,7413,,False
33,7422,,False
33,7438,,False
33,7469,,False
33,7518,,False
33,7523,,False
33,7651,,False
33,7693,,False
33,7793,,False
33,7802,,False
33,7814,,False
33,7845,,False
33,7903,,False
33,8036,,False
33,8081,,False
33,8146,,False
33,8163,,False
33,8232,,False
33,8273,,False
33,8283,,False
33,8286,,False
33,8384,,False
33,8396,,False
33,8562,,False
33,8572,,False
33,8604,,False
33,8630,,False
33,8639,,False
33,8659,,False
33,8746,,False
33,8767,,False
33,8799,,False
33,8805,,False
33,8864,,False
33,8878,,False
33,8905,,False
33,8910,,False
33,8929,,False
33,8968,,False
33,8970,,False
33,9026,,False
33,9067,,False
33,9136,,False
33,9186,,False
33,9189,,False
33,9202,,False
33,9213,,False
33,9215,,False
33,9267,,False
33,9321,,False
33,9475,,False
33,9608,,False
33,9660,,False
33,9674,,False
33,9737,,False
33,9740,,False
33,9789,,False
33,9811,,False
33,9812,,False
33,9865,,False
33,9941,,False
33,9992,,False
33,10012,,False
33,10042,,False
33,10270,,False
33,10336,,False
33,10428,,False
33,10490,,False
33,10523,,False
33,10567,,False
33,10575,,False
33,10623,,False
33,10641,,False
33,10742,,False
33,10919,,False
33,10938,,False
33,10958,,False
33,10962,,False
33,11020,,False
33,11056,,False
33,11121,,False
33,11143,,False
33,11308,,False
33,11454,,False
33,11473,,False
33,11544,,False
33,11625,,False
33,11710,,False
33,11730,,False
33,11854,,False
33,11971,,False
33,12023,,False
33,12124,,False
33,12164,,False
33,12174,,False
33,12198,,False
33,12201,,False
33,12230,,False
33,12415,,False
33,12504,,False
33,12531,,False
33,12584,,False
33,12604,,False
33,12610,,False
33,12703,,False
33,12750,,False
33,12791,,False
33,12794,,False
33,12812,,False
33,12842,,False
33,13137,,False
33,13145,,False
33,13318,,False
33,13374,,False
33,13473,,False
33,13530,,False
33,13683,,False
33,13988,,False
33,14050,,False
33,14060,,False
33,14307,,False
33,14481,,False
33,14554,,False
33,14623,,False
33,14658,,False
33,14688,,False
33,14781,,False
33,14814,,False
33,14997,,False
33,15049,,False
33,15050,,False
33,15052,,False
33,15099,,False
33,15252,,False
33,15296,,False
33,15301,,False
33,15309,,False
33,15312,,False
33,15336,,False
33,15416,,False
33,15424,,False
33,15471,,False
33,15486,,False
33,15512,,False
33,15517,,False
33,15536,,False
33,15590,,False
33,15627,,False
33,15667,,False
33,15668,,False
33,15691,,False
33,15822,,False
33,15866,,False
33,15969,,False
33,16003,,False
33,16027,,False
33,16119,,False
33,16153,,False
33,16185,,False
33,16246,,False
33,16248,,False
33,16250,,False
33,16275,,False
33,16285,,False
33,16304,,False
33,16319,,False
33,16446,,False
33,16453,,False
33,16582,,False
33,16584,,False
33,16590,,False
33,16609,,False
33,16619,,False
33,16724,,False
33,16906,,False
33,17125,,False
33,17152,,False
33,17188,,False
33,17248,,False
33,17259,,False
33,17263,,False
33,17287,,False
33,17291,,False
33,17376,,False
33,17387,,False
33,17414,,False
33,17470,,False
33,17495,,False
33,17617,,False
33,17832,,False
33,17856,,False
33,17863,,False
33,17874,,False
33,17885,,False
33,17992,,False
33,18166,,False
33,18191,,False
33,18355,,False
33,18376,,False
33,18389,,False
33,18459,,False
33,18558,,False
33,18562,,False
33,18621,,False
33,18622,,False
33,18628,,False
33,18653,,False
33,18670,,False
33,18675,,False
33,18784,,False
33,18787,,False
33,18791,,False
33,18896,,False
33,18937,,False
33,19004,,False
33,19024,,False
33,19151,,False
33,19184,,False
33,19213,,False
33,19226,,False
33,19322,,False
33,19340,,False
33,19409,,False
33,19450,,False
33,19499,,False
33,19529,,False
33,19553,,False
33,19555,,False
33,19606,,False
33,19711,,False
33,19743,,False
33,19848,,False
33,19851,,False
33,19872,,False
33,19891,,False
33,19955,,False
33,19968,,False
33,20104,,False
33,20107,,False
33,20316,,False
33,20385,,False
33,20394,,False
33,20415,,False
33,20514,,False
33,20557,,False
33,20722,,False
33,20825,,False
33,20898,,False
33,20941,,False
33,20951,,False
33,20963,,False
33,20973,,False
33,21008,,False
33,21062,,False
33,21142,,False
33,21175,,False
33,21182,,False
33,21206,,False
33,21275,,False
33,21294,,False
33,21422,,False
33,21432,,False
33,21435,,False
33,21442,,False
33,21533,,False
33,21666,,False
33,21720,,False
33,21923,,False
33,22046,,False
33,22065,,False
33,22115,,False
33,22147,,False
33,22254,,False
33,22263,,False
33,22282,,False
33,22287,,False
33,22300,,False
33,22335,,False
33,22372,,False
33,22419,,False
33,22436,,False
33,22441,,False
33,22544,,False
33,22581,,False
33,22603,,False
33,22605,,False
33,22695,,False
33,22704,,False
33,22713,,False
33,22740,,False
33,22741,,False
33,22749,,False
33,22777,,False
33,22831,,False
33,22838,,False
33,22857,,False
33,23098,,False
33,23143,,False
33,23226,,False
33,23267,,False
33,23270,,False
33,23287,,False
33,23335,,False
33,23503,,False
33,23595,,False
33,23626,,False
33,23629,,False
33,23905,,False
33,23924,,False
33,24098,,False
33,24100,,False
33,24119,,False
33,24157,,False
33,24180,,False
33,24201,,False
33,24231,,False
33,24238,,False
33,24276,,False
33,24277,,False
33,24361,,False
33,24445,,False
33,24514,,False
33,24550,,False
33,24573,,False
33,24577,,False
33,24662,,False
33,24671,,False
33,24727,,False
33,24850,,False
33,24952,,False
33,24961,,False
33,24985,,False
33,25089,,False
33,25155,,False
33,25192,,False
33,25242,,False
33,25350,,False
33,25529,,False
33,25602,,False
33,25677,,False
33,25709,,False
33,25728,,False
33,25734,,False
33,25808,,False
33,25819,,False
33,25962,,False
33,26039,,False
33,26116,,False
33,26171,,False
33,26219,,False
33,26278,,False
33,26324,,False
33,26429,,False
33,26449,,False
33,26492,,False
33,26632,,False
33,26692,,False
33,26764,,False
33,26849,,False
33,26895,,False
33,26898,,False
33,27098,,False
33,27163,,False
33,27164,,False
33,27204,,False
33,27309,,False
33,27417,,False
33,27425,,False
33,27509,,False
33,27677,,False
33,27743,,False
33,27744,,False
33,27897,,False
33,27907,,False
33,28115,,False
33,28388,,False
33,28866,,False
33,29005,,False
33,29027,,False
33,29103,,False
33,29457,,False
33,29517,,False
33,29553,,False
33,29732,,False
33,29738,,False
33,29770,,False
33,29779,,False
33,29827,,False
33,29941,,False
33,29945,,False
33,29987,,False
33,30011,,False
33,30259,,False
33,30294,,False
33,30322,,False
33,30422,,False
33,30558,,False
33,30667,,False
33,30749,,False
33,30762,,False
33,30774,,False
33,30837,,False
33,30870,,False
33,30908,,False
33,30944,,False
33,30961,,False
33,31076,,False
33,31137,,False
33,31218,,False
33,31257,,False
33,31353,,False
33,31386,,False
33,31397,,False
33,31471,,False
33,31498,,False
33,31530,,False
33,31548,,False
33,31579,,False
33,31598,,False
33,31661,,False
33,31670,,False
33,31677,,False
33,31764,,False
33,31819,,False
33,31992,,False
33,32056,,False
33,32105,,False
33,32132,,False
33,32155,,False
33,32181,,False
33,32269,,False
33,32280,,False
33,32357,,False
33,32365,,False
33,32419,,False
33,32440,,False
33,32476,,False
33,32516,,False
33,32521,,False
33,32568,,False
33,32572,,False
33,32584,,False
33,32625,,False
33,32671,,False
33,32697,,False
33,32723,,False
33,32782,,False
33,32805,,False
33,32842,,False
33,32904,,False
33,32932,,False
33,32934,,False
33,32935,,False
33,32977,,False
33,32997,,False
33,33042,,False
33,33115,,False
33,33212,,False
33,33240,,False
33,33250,,False
33,33304,,False
33,33317,,False
33,33334,,False
33,33471,,False
33,33556,,False
33,33612,,False
33,33838,,False
33,33896,,False
33,33984,,False
33,33987,,False
33,34034,,False
33,34092,,False
33,34188,,False
33,34235,,False
33,34247,,False
33,34315,,False
33,34319,,False
33,34335,,False
33,34340,,False
33,34407,,False
33,34419,,False
33,34451,,False
33,34460,,False
33,34569,,False
33,34685,,False
33,34705,,False
33,34716,,False
33,34755,,False
33,34757,,False
33,34842,,False
33,35013,,False
33,35082,,False
33,35360,,False
33,35362,,False
33,35363,,False
33,35367,,False
33,35369,,False
33,35404,,False
33,35637,,False
33,35646,,False
33,35690,,False
33,35715,,False
33,35756,,False
33,35765,,False
33,35807,,False
33,35824,,False
33,35844,,False
33,35846,,False
33,35855,,False
33,35864,,False
33,35906,,False
33,36033,,False
33,36057,,False
33,36074,,False
33,36118,,False
33,36167,,False
33,36188,,False
33,36210,,False
33,36225,,False
33,36242,,False
33,36255,,False
33,36287,,False
33,36315,,False
33,36330,,False
33,36443,,False
33,36558,,False
33,36568,,False
33,36602,,False
33,36660,,False
33,36664,,False
33,36726,,False
33,36780,,False
33,36820,,False
33,36854,,False
33,36869,,False
33,36889,,False
33,37006,,False
33,37039,,False
33,37223,,False
33,37224,,False
33,37241,,False
33,37267,,False
33,37279,,False
33,37296,,False
33,37387,,False
33,37425,,False
33,37443,,False
33,37510,,False
33,37511,,False
33,37530,,False
33,37565,,False
33,37609,,False
33,37631,,False
33,37643,,False
33,37667,,False
33,37686,,False
33,37786,,False
33,37868,,False
33,37904,,False
33,38153,,False
33,38222,,False
33,38266,,False
33,38270,,False
33,38283,,False
33,38386,,False
33,38448,,False
33,38455,,False
33,38520,,False
33,38537,,False
33,38570,,False
33,38650,,False
33,38705,,False
33,38735,,False
33,38739,,False
33,38748,,False
33,38762,,False
33,38843,,False
33,38866,,False
33,38915,,False
33,38925,,False
33,38942,,False
33,38954,,False
33,38965,,False
33,39003,,False
33,39059,,False
33,39093,,False
33,39182,,False
33,39217,,False
33,39231,,False
33,39259,,False
33,39342,,False
33,39421,,False
33,39428,,False
33,39542,,False
33,39554,,False
33,39564,,False
33,39612,,False
33,39614,,False
33,39618,,False
33,39624,,False
33,39660,,False
33,39671,,False
33,39681,,False
33,39873,,False
33,39969,,False
33,40046,,False
33,40065,,False
33,40182,,False
33,40248,,False
33,40256,,False
33,40296,,False
33,40356,,False
33,40367,,False
33,40371,,False
33,40440,,False
33,40455,,False
33,40460,,False
33,40549,,False
33,40574,,False
33,40608,,False
33,40767,,False
33,40829,,False
33,40866,,False
33,40901,,False
33,40905,,False
